nps_group,category_type,category_value,unweighted_respondents,weighted_respondents,unweighted_rate(%),weighted_rate(%),difference(%)
Detractor,category,배달팁,225,259.98,21.97,24.2,2.23
Detractor,sub_category,배달팁 높음,208,244.79,20.31,22.78,2.47
Detractor,category,혜택(할인 및 쿠폰),162,173.96,15.82,16.19,0.37
Detractor,category,메뉴 가격,115,122.61,11.23,11.41,0.18
Detractor,category,배달속도,113,102.4,11.04,9.53,-1.5
Detractor,sub_category,배달 속도 느림,102,93.46,9.96,8.7,-1.26
Detractor,category,앱 사용 편리성,75,79.55,7.32,7.4,0.08
Detractor,category,도착 예정 시간에 배달,78,76.92,7.62,7.16,-0.46
Detractor,sub_category,높은 가격,66,70.76,6.45,6.59,0.14
Detractor,sub_category,사회적 기여,57,59.96,5.57,5.58,0.01
Detractor,category,포장/배달 상태,67,59.84,6.54,5.57,-0.97
Detractor,sub_category,차별성 부족/평범함,56,59.85,5.47,5.57,0.1
Detractor,sub_category,혜택 다양성,43,49.69,4.2,4.63,0.43
Detractor,sub_category,앱과 매장가격 불일치,46,48.42,4.49,4.51,0.02
Detractor,sub_category,음식 품질,54,48.09,5.27,4.48,-0.8
Detractor,sub_category,쿠폰,43,45.49,4.2,4.23,0.03
Detractor,sub_category,이미지/느낌 부정적,42,45.09,4.1,4.2,0.1
Detractor,category,멤버십 혜택,35,38.88,3.42,3.62,0.2
Detractor,sub_category,배달 시간 부정확,39,36.77,3.81,3.42,-0.39
Detractor,sub_category,배달 비용 지출 부담,29,34.32,2.83,3.19,0.36
Detractor,category,최소주문금액,30,32.47,2.93,3.02,0.09
Detractor,sub_category,최소주문금액 높음,30,32.47,2.93,3.02,0.09
Detractor,sub_category,고객 서비스 응대,30,30.45,2.93,2.83,-0.1
Detractor,sub_category,할인 혜택,29,27.0,2.83,2.51,-0.32
Detractor,sub_category,배달 지연,26,26.68,2.54,2.48,-0.06
Detractor,category,가게를 믿고 주문,31,26.13,3.03,2.43,-0.6
Detractor,sub_category,대중성/인지도,29,25.82,2.83,2.4,-0.43
Detractor,sub_category,라이더 배차/픽업 지연,23,25.61,2.25,2.38,0.14
Detractor,category,가게/메뉴 다양성,28,25.4,2.73,2.36,-0.37
Detractor,sub_category,이벤트,23,25.0,2.25,2.33,0.08
Detractor,sub_category,쿠폰 사용조건/기한,21,21.67,2.05,2.02,-0.03
Detractor,sub_category,고객 서비스 연결,13,19.48,1.27,1.81,0.54
Detractor,sub_category,사용 가치 부족,14,18.45,1.37,1.72,0.35
Detractor,sub_category,배달 서비스,19,17.57,1.86,1.64,-0.22
Detractor,sub_category,멤버십 혜택 불만,17,17.51,1.66,1.63,-0.03
Detractor,sub_category,다른 앱 선호,10,17.27,0.98,1.61,0.63
Detractor,sub_category,경쟁력 및 시장 비교,13,16.4,1.27,1.53,0.26
Detractor,sub_category,한집배달 의심/불만,17,15.6,1.66,1.45,-0.21
Detractor,sub_category,멤버십 구독 유도,12,15.24,1.17,1.42,0.25
Detractor,sub_category,가게/메뉴 개수 적음,18,15.06,1.76,1.4,-0.36
Detractor,sub_category,UI/디자인/화면구성,9,14.56,0.88,1.36,0.48
Detractor,sub_category,리뷰 신뢰도,11,13.22,1.07,1.23,0.16
Detractor,sub_category,개인적 선호,16,11.74,1.56,1.09,-0.47
Detractor,sub_category,배달사고/누락,14,10.32,1.37,0.96,-0.41
Detractor,sub_category,서비스 품질,7,10.13,0.68,0.94,0.26
Detractor,sub_category,배달현황 편의성,8,9.13,0.78,0.85,0.07
Detractor,sub_category,배달 취소,7,8.98,0.68,0.84,0.15
Detractor,sub_category,무료배달 아님,12,9.02,1.17,0.84,-0.33
Detractor,sub_category,라이더 불친절,9,7.58,0.88,0.71,-0.17
Detractor,sub_category,혜택,8,7.06,0.78,0.66,-0.12
Detractor,sub_category,불만족,6,7.13,0.59,0.66,0.08
Detractor,sub_category,포장 비용 발생,6,6.96,0.59,0.65,0.06
Detractor,sub_category,결제 편의성,9,6.64,0.88,0.62,-0.26
Detractor,sub_category,멤버십 비용,7,6.56,0.68,0.61,-0.07
Detractor,sub_category,검색 편의성,5,6.6,0.49,0.61,0.13
Detractor,sub_category,평점 신뢰도,3,6.2,0.29,0.58,0.28
Detractor,sub_category,사용 편의성,6,6.07,0.59,0.56,-0.02
Detractor,sub_category,낮은 사용 빈도/필요성,7,5.93,0.68,0.55,-0.13
Detractor,sub_category,결제수단 제한,4,5.68,0.39,0.53,0.14
Detractor,sub_category,비자발적 주문 취소,7,5.47,0.68,0.51,-0.17
Detractor,sub_category,광고 노출,3,5.45,0.29,0.51,0.21
Detractor,sub_category,외국인 라이더,3,5.16,0.29,0.48,0.19
Detractor,category,적용 가능한 혜택,7,4.91,0.68,0.46,-0.23
Detractor,sub_category,배달 지연 쿠폰/포인트,2,4.79,0.2,0.45,0.25
Detractor,sub_category,고객 서비스,4,4.72,0.39,0.44,0.05
Detractor,sub_category,다양성,5,4.51,0.49,0.42,-0.07
Detractor,sub_category,배달 안정성,3,4.27,0.29,0.4,0.1
Detractor,sub_category,라이더 전문성,6,4.31,0.59,0.4,-0.18
Detractor,sub_category,필요성,5,4.19,0.49,0.39,-0.1
Detractor,sub_category,원하는 가게 없음,4,4.22,0.39,0.39,0.0
Detractor,sub_category,기존 회원 혜택,2,4.23,0.2,0.39,0.2
Detractor,sub_category,광고/마케팅,3,3.93,0.29,0.37,0.07
Detractor,sub_category,자체배달,2,3.97,0.2,0.37,0.17
Detractor,sub_category,가게/메뉴 정보,4,3.77,0.39,0.35,-0.04
Detractor,sub_category,포인트 적립,3,3.59,0.29,0.33,0.04
Detractor,sub_category,라이더 요청사항 미반영,5,3.44,0.49,0.32,-0.17
Detractor,sub_category,무료배달 제한,3,3.47,0.29,0.32,0.03
Detractor,sub_category,필터,2,3.14,0.2,0.29,0.1
Detractor,sub_category,포장 주문 제한,3,3.05,0.29,0.28,-0.01
Detractor,sub_category,배달 알림 미제공,2,2.75,0.2,0.26,0.06
Detractor,sub_category,배달팁 추가 발생,2,2.7,0.2,0.25,0.06
Detractor,sub_category,상품권 사용 편의성,3,2.59,0.29,0.24,-0.05
Detractor,sub_category,메뉴 탐색 편의성,4,2.62,0.39,0.24,-0.15
Detractor,sub_category,배달 운영 시간,2,2.4,0.2,0.22,0.03
Detractor,sub_category,플랫폼 특성,1,2.4,0.1,0.22,0.13
Detractor,sub_category,배달 지연 대처,1,2.4,0.1,0.22,0.13
Detractor,category,앱에서만 주문 가능,2,2.31,0.2,0.21,0.02
Detractor,sub_category,다른 앱에 없는 가게,2,2.31,0.2,0.21,0.02
Detractor,sub_category,지역별 차이,2,2.31,0.2,0.21,0.02
Detractor,sub_category,쿠폰 사용성,3,2.14,0.29,0.2,-0.09
Detractor,sub_category,배달 서비스 특성,1,2.01,0.1,0.19,0.09
Detractor,sub_category,미끼성 쿠폰,3,1.92,0.29,0.18,-0.11
Detractor,sub_category,선착순 제한,2,1.92,0.2,0.18,-0.02
Detractor,category,가게/메뉴 트렌디함,3,1.8,0.29,0.17,-0.13
Detractor,sub_category,배달 속도 일관성 부족,2,1.81,0.2,0.17,-0.03
Detractor,sub_category,리뷰 작성/수정 편의성,2,1.83,0.2,0.17,-0.03
Detractor,sub_category,배달현황 위치 정확도,1,1.83,0.1,0.17,0.07
Detractor,sub_category,요청사항 입력 편의성,3,1.74,0.29,0.16,-0.13
Detractor,sub_category,취소/환불 편의성,2,1.72,0.2,0.16,-0.03
Detractor,sub_category,간편결제 유도 불만,2,1.74,0.2,0.16,-0.03
Detractor,sub_category,리뷰 확인 편의성,1,1.66,0.1,0.15,0.06
Detractor,sub_category,가게 오픈시간,2,1.49,0.2,0.14,-0.06
Detractor,sub_category,탐색 편의성,1,1.36,0.1,0.13,0.03
Detractor,sub_category,1인분 메뉴,2,1.18,0.2,0.11,-0.09
Detractor,sub_category,접근성,1,1.23,0.1,0.11,0.02
Detractor,sub_category,제휴 혜택,2,1.06,0.2,0.1,-0.1
Detractor,sub_category,신뢰,1,0.94,0.1,0.09,-0.01
Detractor,sub_category,신규 메뉴/가게 부족,1,0.95,0.1,0.09,-0.01
Detractor,sub_category,업주 소통,2,0.97,0.2,0.09,-0.11
Detractor,sub_category,인기 맛집 적음,2,0.85,0.2,0.08,-0.12
Detractor,sub_category,배달 지역 좁음,1,0.83,0.1,0.08,-0.02
Detractor,sub_category,위생,2,0.78,0.2,0.07,-0.12
Detractor,sub_category,카테고리,1,0.71,0.1,0.07,-0.03
Detractor,sub_category,유용성,1,0.71,0.1,0.07,-0.03
Detractor,sub_category,기능/서비스 다양성,1,0.73,0.1,0.07,-0.03
Detractor,sub_category,활용도,1,0.66,0.1,0.06,-0.04
Detractor,sub_category,혜택 중복 적용,2,0.66,0.2,0.06,-0.13
Detractor,sub_category,정보/컨텐츠,2,0.55,0.2,0.05,-0.14
Detractor,sub_category,결제수단 등록 비선호,1,0.4,0.1,0.04,-0.06
Detractor,sub_category,가게 요청사항 미반영,1,0.4,0.1,0.04,-0.06
Detractor,sub_category,우천/설천 시 배달,1,0.43,0.1,0.04,-0.06
Detractor,sub_category,멀티매장,1,0.43,0.1,0.04,-0.06
Detractor,sub_category,혜택 정보,1,0.42,0.1,0.04,-0.06
Detractor,sub_category,포장 훼손,1,0.35,0.1,0.03,-0.06
Detractor,sub_category,배달수단,1,0.33,0.1,0.03,-0.07
High-Risk,category,배달팁,61,74.69,26.18,28.44,2.26
High-Risk,sub_category,배달팁 높음,56,71.05,24.03,27.06,3.02
High-Risk,category,혜택(할인 및 쿠폰),44,51.84,18.88,19.74,0.86
High-Risk,category,메뉴 가격,35,41.65,15.02,15.86,0.84
High-Risk,category,배달속도,33,35.59,14.16,13.55,-0.61
High-Risk,sub_category,사회적 기여,28,33.92,12.02,12.92,0.9
High-Risk,sub_category,배달 속도 느림,30,31.87,12.88,12.14,-0.74
High-Risk,category,도착 예정 시간에 배달,25,29.33,10.73,11.17,0.44
High-Risk,sub_category,높은 가격,21,24.74,9.01,9.42,0.41
High-Risk,sub_category,이미지/느낌 부정적,17,23.95,7.3,9.12,1.83
High-Risk,category,앱 사용 편리성,19,21.11,8.15,8.04,-0.12
High-Risk,category,포장/배달 상태,18,20.22,7.73,7.7,-0.03
High-Risk,sub_category,음식 품질,15,16.52,6.44,6.29,-0.15
High-Risk,sub_category,앱과 매장가격 불일치,13,15.87,5.58,6.05,0.47
High-Risk,sub_category,배달 지연,11,14.14,4.72,5.39,0.66
High-Risk,sub_category,고객 서비스 응대,11,13.39,4.72,5.1,0.38
High-Risk,sub_category,쿠폰,12,12.8,5.15,4.87,-0.28
High-Risk,sub_category,배달 비용 지출 부담,11,11.65,4.72,4.44,-0.28
High-Risk,category,멤버십 혜택,10,11.53,4.29,4.39,0.1
High-Risk,sub_category,라이더 배차/픽업 지연,10,11.06,4.29,4.21,-0.08
High-Risk,sub_category,한집배달 의심/불만,6,9.69,2.58,3.69,1.12
High-Risk,sub_category,혜택 다양성,8,9.41,3.43,3.58,0.15
High-Risk,sub_category,쿠폰 사용조건/기한,9,9.35,3.86,3.56,-0.3
High-Risk,sub_category,할인 혜택,7,9.26,3.0,3.52,0.52
High-Risk,sub_category,고객 서비스 연결,5,9.06,2.15,3.45,1.3
High-Risk,sub_category,배달 시간 부정확,8,8.76,3.43,3.34,-0.1
High-Risk,sub_category,이벤트,6,8.3,2.58,3.16,0.59
High-Risk,category,가게/메뉴 다양성,9,7.74,3.86,2.95,-0.91
High-Risk,category,가게를 믿고 주문,8,7.45,3.43,2.84,-0.6
High-Risk,sub_category,경쟁력 및 시장 비교,3,7.02,1.29,2.67,1.39
High-Risk,sub_category,배달 서비스,7,6.78,3.0,2.58,-0.42
High-Risk,sub_category,멤버십 구독 유도,5,6.31,2.15,2.4,0.26
High-Risk,category,최소주문금액,5,6.03,2.15,2.3,0.15
High-Risk,sub_category,최소주문금액 높음,5,6.03,2.15,2.3,0.15
High-Risk,sub_category,서비스 품질,4,5.98,1.72,2.28,0.56
High-Risk,sub_category,리뷰 신뢰도,5,5.62,2.15,2.14,-0.0
High-Risk,sub_category,불만족,3,5.17,1.29,1.97,0.68
High-Risk,sub_category,혜택,4,4.8,1.72,1.83,0.11
High-Risk,sub_category,대중성/인지도,6,4.37,2.58,1.66,-0.91
High-Risk,sub_category,가게/메뉴 개수 적음,6,4.26,2.58,1.62,-0.95
High-Risk,sub_category,배달현황 편의성,3,3.81,1.29,1.45,0.16
High-Risk,sub_category,다른 앱 선호,3,3.8,1.29,1.45,0.16
High-Risk,sub_category,라이더 전문성,4,3.63,1.72,1.38,-0.34
High-Risk,sub_category,결제수단 제한,2,3.35,0.86,1.27,0.42
High-Risk,sub_category,UI/디자인/화면구성,3,3.21,1.29,1.22,-0.07
High-Risk,sub_category,사용 가치 부족,3,3.15,1.29,1.2,-0.09
High-Risk,sub_category,배달 취소,2,3.08,0.86,1.17,0.32
High-Risk,sub_category,광고/마케팅,2,3.06,0.86,1.17,0.31
High-Risk,sub_category,개인적 선호,4,3.05,1.72,1.16,-0.55
High-Risk,sub_category,비자발적 주문 취소,2,3.02,0.86,1.15,0.29
High-Risk,sub_category,무료배달 아님,4,2.88,1.72,1.1,-0.62
High-Risk,sub_category,배달사고/누락,3,2.74,1.29,1.04,-0.24
High-Risk,sub_category,멤버십 혜택 불만,3,2.69,1.29,1.02,-0.26
High-Risk,sub_category,멤버십 비용,2,2.52,0.86,0.96,0.1
High-Risk,sub_category,플랫폼 특성,1,2.4,0.43,0.91,0.48
High-Risk,sub_category,배달 지연 쿠폰/포인트,1,2.4,0.43,0.91,0.48
High-Risk,sub_category,배달 지연 대처,1,2.4,0.43,0.91,0.48
High-Risk,sub_category,포장 비용 발생,2,2.39,0.86,0.91,0.05
High-Risk,sub_category,포장 주문 제한,2,2.22,0.86,0.85,-0.01
High-Risk,sub_category,광고 노출,2,2.14,0.86,0.81,-0.04
High-Risk,sub_category,라이더 불친절,2,1.97,0.86,0.75,-0.11
High-Risk,sub_category,리뷰 작성/수정 편의성,2,1.83,0.86,0.7,-0.16
High-Risk,sub_category,필터,1,1.83,0.43,0.7,0.27
High-Risk,sub_category,배달현황 위치 정확도,1,1.83,0.43,0.7,0.27
High-Risk,sub_category,검색 편의성,1,1.67,0.43,0.63,0.21
High-Risk,sub_category,리뷰 확인 편의성,1,1.66,0.43,0.63,0.2
High-Risk,sub_category,포인트 적립,2,1.58,0.86,0.6,-0.26
High-Risk,sub_category,지역별 차이,1,1.36,0.43,0.52,0.09
High-Risk,sub_category,낮은 사용 빈도/필요성,1,1.23,0.43,0.47,0.04
High-Risk,sub_category,외국인 라이더,1,1.1,0.43,0.42,-0.01
High-Risk,sub_category,사용 편의성,2,1.1,0.86,0.42,-0.44
High-Risk,category,적용 가능한 혜택,1,0.94,0.43,0.36,-0.07
High-Risk,sub_category,미끼성 쿠폰,1,0.94,0.43,0.36,-0.07
High-Risk,sub_category,신뢰,1,0.94,0.43,0.36,-0.07
High-Risk,sub_category,고객 서비스,1,0.88,0.43,0.34,-0.09
High-Risk,sub_category,결제 편의성,1,0.79,0.43,0.3,-0.13
High-Risk,sub_category,가게 오픈시간,1,0.76,0.43,0.29,-0.14
High-Risk,sub_category,무료배달 제한,1,0.76,0.43,0.29,-0.14
High-Risk,sub_category,요청사항 입력 편의성,1,0.73,0.43,0.28,-0.15
High-Risk,sub_category,자체배달,1,0.66,0.43,0.25,-0.18
High-Risk,sub_category,취소/환불 편의성,1,0.5,0.43,0.19,-0.24
High-Risk,sub_category,라이더 요청사항 미반영,1,0.45,0.43,0.17,-0.26
High-Risk,sub_category,우천/설천 시 배달,1,0.43,0.43,0.16,-0.27
High-Risk,sub_category,가게 요청사항 미반영,1,0.4,0.43,0.15,-0.28
High-Risk,sub_category,위생,1,0.33,0.43,0.13,-0.3
High-Risk,sub_category,1인분 메뉴,1,0.31,0.43,0.12,-0.31
Passive,category,앱 사용 편리성,239,255.7,34.99,37.76,2.77
Passive,sub_category,사용 편의성,167,179.63,24.45,26.53,2.08
Passive,category,가게/메뉴 다양성,161,157.8,23.57,23.31,-0.27
Passive,category,혜택(할인 및 쿠폰),128,128.01,18.74,18.91,0.17
Passive,sub_category,가게 많음,106,106.31,15.52,15.7,0.18
Passive,category,배달속도,77,62.85,11.27,9.28,-1.99
Passive,category,배달팁,55,50.55,8.05,7.47,-0.59
Passive,sub_category,배달팁 높음,49,46.07,7.17,6.8,-0.37
Passive,sub_category,다양한 혜택,42,44.32,6.15,6.55,0.4
Passive,category,메뉴 가격,45,43.91,6.59,6.49,-0.1
Passive,sub_category,대중성/인지도,27,34.9,3.95,5.15,1.2
Passive,category,배달팁 만족,42,34.43,6.15,5.09,-1.06
Passive,sub_category,배달 속도 빠름,43,32.57,6.3,4.81,-1.49
Passive,sub_category,다양한 쿠폰,33,31.88,4.83,4.71,-0.12
Passive,sub_category,이용빈도 높음/익숙함,24,26.74,3.51,3.95,0.44
Passive,category,포장/배달 상태,38,26.62,5.56,3.93,-1.63
Passive,sub_category,만족,25,26.15,3.66,3.86,0.2
Passive,sub_category,이벤트,27,25.5,3.95,3.77,-0.19
Passive,sub_category,결제 편의성,24,25.12,3.51,3.71,0.2
Passive,sub_category,배달 속도 느림,25,24.47,3.66,3.61,-0.05
Passive,sub_category,무료배달,30,22.46,4.39,3.32,-1.07
Passive,category,도착 예정 시간에 배달,28,22.32,4.1,3.3,-0.8
Passive,category,멤버십 혜택,21,19.11,3.07,2.82,-0.25
Passive,sub_category,다양한 메뉴,26,19.05,3.81,2.81,-0.99
Passive,sub_category,UI/디자인/화면구성,15,18.44,2.2,2.72,0.53
Passive,sub_category,배달 서비스,16,17.43,2.34,2.57,0.23
Passive,sub_category,배달 현황 확인,15,14.75,2.2,2.18,-0.02
Passive,sub_category,저렴한 가격,14,14.15,2.05,2.09,0.04
Passive,sub_category,높은 가격,13,13.52,1.9,2.0,0.09
Passive,sub_category,사회적 기여,12,13.31,1.76,1.97,0.21
Passive,category,최소주문금액,11,10.75,1.61,1.59,-0.02
Passive,sub_category,배달 시간 정확,14,10.1,2.05,1.49,-0.56
Passive,category,가게를 믿고 주문,9,9.66,1.32,1.43,0.11
Passive,sub_category,다양한 옵션,6,9.34,0.88,1.38,0.5
Passive,category,적용 가능한 혜택,11,9.03,1.61,1.33,-0.28
Passive,sub_category,서비스 품질,5,8.98,0.73,1.33,0.59
Passive,sub_category,할인 혜택,7,8.57,1.02,1.27,0.24
Passive,sub_category,원하는 가게 있음,6,8.5,0.88,1.26,0.38
Passive,sub_category,차별성 부족/평범함,10,7.96,1.46,1.18,-0.29
Passive,sub_category,멤버십 할인,12,7.8,1.76,1.15,-0.61
Passive,sub_category,배달팁 적당,7,7.59,1.02,1.12,0.1
Passive,sub_category,다른 앱 보다 선호,11,7.6,1.61,1.12,-0.49
Passive,sub_category,음식 품질,13,7.57,1.9,1.12,-0.79
Passive,sub_category,앱과 매장가격 불일치,10,7.44,1.46,1.1,-0.36
Passive,sub_category,배달 안정성,8,7.34,1.17,1.08,-0.09
Passive,sub_category,속도 빠름,10,7.29,1.46,1.08,-0.39
Passive,sub_category,배달 비용 지출 부담,6,7.22,0.88,1.07,0.19
Passive,sub_category,쿠폰,10,7.2,1.46,1.06,-0.4
Passive,sub_category,전반적 만족,5,6.86,0.73,1.01,0.28
Passive,sub_category,최소주문금액 높음,8,6.73,1.17,0.99,-0.18
Passive,sub_category,리뷰 확인 편의성,3,6.42,0.44,0.95,0.51
Passive,sub_category,배달 지연,6,6.22,0.88,0.92,0.04
Passive,sub_category,한집배달 선호,7,5.75,1.02,0.85,-0.18
Passive,sub_category,리뷰 많음,3,5.76,0.44,0.85,0.41
Passive,sub_category,인기 맛집 많음,4,5.7,0.59,0.84,0.26
Passive,category,디자인/구성,5,5.25,0.73,0.77,0.04
Passive,sub_category,가독성 및 편의성,5,5.25,0.73,0.77,0.04
Passive,sub_category,1인분 메뉴,3,5.09,0.44,0.75,0.31
Passive,category,고객서비스,5,4.93,0.73,0.73,-0.0
Passive,sub_category,라이더 불친절,1,4.56,0.15,0.67,0.53
Passive,sub_category,원하는 가게 없음,4,4.46,0.59,0.66,0.07
Passive,sub_category,배달 시간 부정확,6,4.46,0.88,0.66,-0.22
Passive,sub_category,탐색 편의성,5,4.41,0.73,0.65,-0.08
Passive,sub_category,가게/메뉴 정보,4,4.38,0.59,0.65,0.06
Passive,sub_category,이미지/느낌 긍정적,2,4.19,0.29,0.62,0.33
Passive,sub_category,특별한 문제 없음,3,4.05,0.44,0.6,0.16
Passive,sub_category,음식 품질 저하,6,3.84,0.88,0.57,-0.31
Passive,sub_category,멤버십 혜택 불만,1,3.84,0.15,0.57,0.42
Passive,sub_category,비대면 주문 가능,3,3.78,0.44,0.56,0.12
Passive,sub_category,무료배달 아님,5,3.7,0.73,0.55,-0.19
Passive,sub_category,가게 음식 불만,3,3.69,0.44,0.55,0.11
Passive,sub_category,최소주문금액 부담,2,3.64,0.29,0.54,0.24
Passive,sub_category,기능 만족,3,3.65,0.44,0.54,0.1
Passive,category,앱에서만 주문 가능,3,3.57,0.44,0.53,0.09
Passive,sub_category,다른 앱에 없는 가게,3,3.57,0.44,0.53,0.09
Passive,sub_category,배달팁 할인,4,3.51,0.59,0.52,-0.07
Passive,sub_category,멤버십 비용,4,3.46,0.59,0.51,-0.07
Passive,sub_category,라이더 친절,4,3.37,0.59,0.5,-0.09
Passive,sub_category,배달사고/누락,6,3.4,0.88,0.5,-0.38
Passive,category,고객 서비스,5,3.34,0.73,0.49,-0.24
Passive,category,서비스 지역,1,3.32,0.15,0.49,0.34
Passive,sub_category,포장 편의성,1,3.32,0.15,0.49,0.34
Passive,sub_category,포장 비용 발생,1,3.32,0.15,0.49,0.34
Passive,sub_category,서비스 지역 제한,1,3.32,0.15,0.49,0.34
Passive,sub_category,활용도,1,3.32,0.15,0.49,0.34
Passive,sub_category,쿠폰 사용 제한,4,3.23,0.59,0.48,-0.11
Passive,sub_category,혜택 감소,2,3.28,0.29,0.48,0.19
Passive,sub_category,광고 노출,3,3.2,0.44,0.47,0.03
Passive,sub_category,가게/메뉴 개수 적음,4,3.17,0.59,0.47,-0.12
Passive,sub_category,간편결제 가능,2,3.11,0.29,0.46,0.17
Passive,sub_category,시인성,3,3.03,0.44,0.45,0.01
Passive,sub_category,다양성,3,2.88,0.44,0.43,-0.01
Passive,sub_category,검색 편의성,2,2.72,0.29,0.4,0.11
Passive,sub_category,결제수단 제한,2,2.63,0.29,0.39,0.1
Passive,sub_category,이미지/느낌 부정적,4,2.5,0.59,0.37,-0.22
Passive,sub_category,유용성,3,2.49,0.44,0.37,-0.07
Passive,category,음식점 다양성,1,2.4,0.15,0.35,0.21
Passive,category,멤버십/구독,1,2.4,0.15,0.35,0.21
Passive,sub_category,다양한 음식점,1,2.4,0.15,0.35,0.21
Passive,sub_category,자체 서비스,1,2.4,0.15,0.35,0.21
Passive,sub_category,쿠폰 부족/아쉬움,1,2.4,0.15,0.35,0.21
Passive,sub_category,배민클럽 가격,1,2.4,0.15,0.35,0.21
Passive,sub_category,가맹점,1,2.4,0.15,0.35,0.21
Passive,sub_category,업계 선도,1,2.4,0.15,0.35,0.21
Passive,sub_category,사용성 불편,1,2.4,0.15,0.35,0.21
Passive,sub_category,혜택 다양성,3,2.39,0.44,0.35,-0.09
Passive,sub_category,서비스 의존성,1,2.33,0.15,0.34,0.2
Passive,sub_category,고객 서비스 연결,4,2.31,0.59,0.34,-0.24
Passive,sub_category,메뉴 탐색 편의성,2,2.31,0.29,0.34,0.05
Passive,sub_category,요청사항 입력 편의성,2,2.25,0.29,0.33,0.04
Passive,sub_category,포인트 적립,3,2.17,0.44,0.32,-0.12
Passive,sub_category,결제수단 다양,2,2.2,0.29,0.32,0.03
Passive,category,배달속도 빠름,2,2.07,0.29,0.31,0.01
Passive,sub_category,가격비교 편의성,2,2.13,0.29,0.31,0.02
Passive,sub_category,낮은 사용 빈도/필요성,2,2.12,0.29,0.31,0.02
Passive,sub_category,사용 가치 부족,1,2.01,0.15,0.3,0.15
Passive,sub_category,멤버십 제한,1,2.01,0.15,0.3,0.15
Passive,sub_category,개인적 선호,3,1.75,0.44,0.26,-0.18
Passive,sub_category,리뷰 신뢰도,3,1.76,0.44,0.26,-0.18
Passive,sub_category,신뢰,2,1.75,0.29,0.26,-0.03
Passive,sub_category,고객 서비스,2,1.67,0.29,0.25,-0.05
Passive,sub_category,쿠폰 사용성,2,1.68,0.29,0.25,-0.04
Passive,sub_category,쿠폰 종류 제한,1,1.67,0.15,0.25,0.1
Passive,sub_category,가게 선택 제한,1,1.67,0.15,0.25,0.1
Passive,sub_category,개인적 선호도,1,1.66,0.15,0.25,0.1
Passive,sub_category,쿠폰 부족,2,1.6,0.29,0.24,-0.06
Passive,sub_category,리뷰 이벤트,2,1.64,0.29,0.24,-0.05
Passive,sub_category,포장 주문 제한,2,1.56,0.29,0.23,-0.06
Passive,sub_category,평점 신뢰도,2,1.5,0.29,0.22,-0.07
Passive,sub_category,깔끔한 포장,3,1.52,0.44,0.22,-0.21
Passive,sub_category,경쟁력 및 시장 비교,1,1.43,0.15,0.21,0.06
Passive,sub_category,배달 경로 불만,1,1.36,0.15,0.2,0.05
Passive,category,앱 기능,1,1.3,0.15,0.19,0.05
Passive,sub_category,대안 존재,1,1.3,0.15,0.19,0.05
Passive,sub_category,응대 서비스,1,1.3,0.15,0.19,0.05
Passive,sub_category,가게 필터링 기능 부족,1,1.3,0.15,0.19,0.05
Passive,sub_category,쿠폰/할인 부족,1,1.3,0.15,0.19,0.05
Passive,sub_category,쿠폰 개선 요청,1,1.3,0.15,0.19,0.05
Passive,sub_category,앱 기본설정,1,1.3,0.15,0.19,0.05
Passive,sub_category,문제해결 속도 느림,1,1.3,0.15,0.19,0.05
Passive,sub_category,인기 맛집 적음,1,1.3,0.15,0.19,0.05
Passive,sub_category,배달시간 지연,1,1.3,0.15,0.19,0.05
Passive,sub_category,라이더 수급,2,1.28,0.29,0.19,-0.1
Passive,sub_category,배달 상태 불만족,2,1.28,0.29,0.19,-0.1
Passive,sub_category,배달 시간 정보,2,1.22,0.29,0.18,-0.11
Passive,sub_category,쿠폰 혜택 감소,1,1.21,0.15,0.18,0.03
Passive,sub_category,구독 서비스 할인 아쉬움,1,1.23,0.15,0.18,0.04
Passive,sub_category,매장보다 비쌈,2,1.18,0.29,0.17,-0.12
Passive,sub_category,마케팅 전략에 대한 불신,1,1.1,0.15,0.16,0.02
Passive,sub_category,사용 복잡성,1,1.1,0.15,0.16,0.02
Passive,sub_category,메뉴 한정적,1,1.1,0.15,0.16,0.02
Passive,sub_category,가격 경쟁력,1,1.1,0.15,0.16,0.02
Passive,sub_category,멤버십 필요,1,1.1,0.15,0.16,0.02
Passive,sub_category,멤버십 구독 유도,2,1.05,0.29,0.16,-0.14
Passive,sub_category,멤버십 혜택 만족,1,1.03,0.15,0.15,0.01
Passive,sub_category,경쟁사 대비 비쌈,1,1.03,0.15,0.15,0.01
Passive,sub_category,빠른 보상 처리,1,1.03,0.15,0.15,0.01
Passive,sub_category,고객 서비스 응대,2,0.95,0.29,0.14,-0.15
Passive,sub_category,업주 친절,2,0.92,0.29,0.14,-0.16
Passive,sub_category,제휴 혜택,1,0.95,0.15,0.14,-0.01
Passive,sub_category,고객 응대 불만,1,0.95,0.15,0.14,-0.01
Passive,sub_category,정보/컨텐츠,1,0.95,0.15,0.14,-0.01
Passive,sub_category,빠른 응답,1,0.87,0.15,0.13,-0.02
Passive,sub_category,비자발적 주문 취소,1,0.87,0.15,0.13,-0.02
Passive,sub_category,광고 노출 많음,1,0.87,0.15,0.13,-0.02
Passive,sub_category,고객서비스 품질,1,0.87,0.15,0.13,-0.02
Passive,sub_category,취소/환불 편의성,1,0.87,0.15,0.13,-0.02
Passive,sub_category,한집배달 의심/불만,2,0.85,0.29,0.13,-0.17
Passive,sub_category,저렴한 배달팁,1,0.87,0.15,0.13,-0.02
Passive,sub_category,라이더 서비스 품질,1,0.87,0.15,0.13,-0.02
Passive,sub_category,고객 대응 불만,1,0.87,0.15,0.13,-0.02
Passive,sub_category,다른 앱과 비교,1,0.87,0.15,0.13,-0.02
Passive,sub_category,메뉴 선택 용이성,1,0.87,0.15,0.13,-0.02
Passive,sub_category,경쟁 앱 선호,1,0.87,0.15,0.13,-0.02
Passive,sub_category,1인 메뉴 다양,1,0.88,0.15,0.13,-0.02
Passive,sub_category,픽업 주문,1,0.88,0.15,0.13,-0.02
Passive,sub_category,배달 방법 다양,1,0.88,0.15,0.13,-0.02
Passive,sub_category,수수료 부담,1,0.88,0.15,0.13,-0.02
Passive,sub_category,정확함,1,0.86,0.15,0.13,-0.02
Passive,sub_category,지역별 차이,1,0.86,0.15,0.13,-0.02
Passive,sub_category,원하는 시간 배달,1,0.86,0.15,0.13,-0.02
Passive,sub_category,배달 사고/누락 없음,1,0.86,0.15,0.13,-0.02
Passive,sub_category,선물하기,1,0.79,0.15,0.12,-0.03
Passive,sub_category,요청사항 전달,1,0.79,0.15,0.12,-0.03
Passive,sub_category,혜택 중복적용,1,0.83,0.15,0.12,-0.02
Passive,sub_category,다른 앱과의 비교,1,0.83,0.15,0.12,-0.02
Passive,sub_category,상대적 선호도,1,0.83,0.15,0.12,-0.02
Passive,sub_category,다양한 업종,1,0.83,0.15,0.12,-0.02
Passive,sub_category,배달 위치 부정확,1,0.83,0.15,0.12,-0.02
Passive,sub_category,가격 경쟁력 부족,1,0.83,0.15,0.12,-0.02
Passive,sub_category,라이더 전문성,1,0.77,0.15,0.11,-0.03
Passive,sub_category,기능/서비스 다양성,1,0.77,0.15,0.11,-0.03
Passive,sub_category,대응 신속성,1,0.77,0.15,0.11,-0.03
Passive,sub_category,수수료 문의,1,0.77,0.15,0.11,-0.03
Passive,sub_category,배달 서비스 특성,1,0.76,0.15,0.11,-0.03
Passive,sub_category,배달 지역 넓음,1,0.73,0.15,0.11,-0.04
Passive,category,할인/쿠폰,1,0.65,0.15,0.1,-0.05
Passive,category,배달팁 불만,1,0.65,0.15,0.1,-0.05
Passive,category,결제 방식,1,0.66,0.15,0.1,-0.05
Passive,sub_category,혼밥 부담감 없음,1,0.69,0.15,0.1,-0.05
Passive,sub_category,쿠폰 할인,1,0.65,0.15,0.1,-0.05
Passive,sub_category,할인율 낮음,1,0.65,0.15,0.1,-0.05
Passive,sub_category,배달팁 비쌈,1,0.65,0.15,0.1,-0.05
Passive,sub_category,배달팁 부담,1,0.65,0.15,0.1,-0.05
Passive,sub_category,타 앱 대비 혜택 부족,1,0.65,0.15,0.1,-0.05
Passive,sub_category,혜택 부족/아쉬움,1,0.66,0.15,0.1,-0.05
Passive,sub_category,광고 과다,1,0.66,0.15,0.1,-0.05
Passive,sub_category,배달 취소,1,0.66,0.15,0.1,-0.05
Passive,sub_category,고객센터 응대 빠름,1,0.71,0.15,0.1,-0.04
Passive,sub_category,배달 운영 시간,1,0.71,0.15,0.1,-0.04
Passive,sub_category,필요성,1,0.66,0.15,0.1,-0.05
Passive,sub_category,결제 방식 제한,1,0.66,0.15,0.1,-0.05
Passive,sub_category,빠른 배달,1,0.67,0.15,0.1,-0.05
Passive,sub_category,배달현황 위치 정확도,1,0.67,0.15,0.1,-0.05
Passive,category,가격,1,0.45,0.15,0.07,-0.08
Passive,sub_category,결제수단 등록 비선호,1,0.5,0.15,0.07,-0.07
Passive,sub_category,문제 해결 신속,1,0.45,0.15,0.07,-0.08
Passive,sub_category,고객 대응 미흡,1,0.45,0.15,0.07,-0.08
Passive,sub_category,리뷰 시스템 신뢰도 문제,1,0.45,0.15,0.07,-0.08
Passive,sub_category,옵션 가격 투명성 부족,1,0.45,0.15,0.07,-0.08
Passive,sub_category,배달 옵션 다양성,1,0.45,0.15,0.07,-0.08
Passive,sub_category,마트 기능,1,0.45,0.15,0.07,-0.08
Passive,sub_category,배달 서비스 만족,1,0.45,0.15,0.07,-0.08
Passive,sub_category,멤버십 비용 부담,1,0.45,0.15,0.07,-0.08
Passive,sub_category,오프라인 대비 가격차이,1,0.45,0.15,0.07,-0.08
Passive,sub_category,구독료 부담 없음,1,0.45,0.15,0.07,-0.08
Passive,sub_category,배달 사고 발생,1,0.45,0.15,0.07,-0.08
Passive,sub_category,친환경적,1,0.47,0.15,0.07,-0.08
Passive,sub_category,최소주문금액에 대한 언급,1,0.38,0.15,0.06,-0.09
Passive,sub_category,우수고객 혜택 부족,1,0.4,0.15,0.06,-0.09
Passive,sub_category,할인 혜택 제한적,1,0.43,0.15,0.06,-0.08
Passive,sub_category,차량배달에 대한 거부감,1,0.43,0.15,0.06,-0.08
Passive,sub_category,배달 보장/신뢰성,1,0.43,0.15,0.06,-0.08
Passive,sub_category,생활 편의성,1,0.43,0.15,0.06,-0.08
Passive,sub_category,오배송 처리,1,0.43,0.15,0.06,-0.08
Passive,sub_category,가게 부족,1,0.43,0.15,0.06,-0.08
Passive,sub_category,서비스 개선 제안,1,0.42,0.15,0.06,-0.08
Passive,category,배달품질,1,0.35,0.15,0.05,-0.09
Passive,category,음식 품질,1,0.35,0.15,0.05,-0.09
Passive,sub_category,정확한 배달,1,0.35,0.15,0.05,-0.09
Passive,sub_category,좋은 가게/메뉴,1,0.35,0.15,0.05,-0.09
Passive,sub_category,음식 온도,1,0.35,0.15,0.05,-0.09
Passive,sub_category,트렌드 메뉴,1,0.31,0.15,0.05,-0.1
Passive,sub_category,다른 앱 선호,1,0.31,0.15,0.05,-0.1
Passive,sub_category,특별한 이유 없음,1,0.31,0.15,0.05,-0.1
Passive,sub_category,요청사항 반영,1,0.33,0.15,0.05,-0.1
Passive,sub_category,마케팅 개선 요청,1,0.3,0.15,0.04,-0.1
Promoter,category,앱 사용 편리성,302,293.86,43.02,44.69,1.67
Promoter,sub_category,사용 편의성,219,225.65,31.2,34.32,3.12
Promoter,category,가게/메뉴 다양성,143,116.03,20.37,17.65,-2.72
Promoter,category,혜택(할인 및 쿠폰),123,106.03,17.52,16.12,-1.4
Promoter,category,배달속도,128,97.02,18.23,14.75,-3.48
Promoter,sub_category,배달 속도 빠름,119,90.28,16.95,13.73,-3.22
Promoter,sub_category,가게 많음,88,77.19,12.54,11.74,-0.8
Promoter,category,배달팁 만족,59,50.83,8.4,7.73,-0.68
Promoter,sub_category,다양한 쿠폰,48,43.59,6.84,6.63,-0.21
Promoter,sub_category,이벤트,46,39.3,6.55,5.98,-0.58
Promoter,sub_category,무료배달,47,38.94,6.7,5.92,-0.77
Promoter,category,가게를 믿고 주문,40,38.37,5.7,5.83,0.14
Promoter,sub_category,다양한 혜택,42,35.74,5.98,5.44,-0.55
Promoter,sub_category,만족,33,33.27,4.7,5.06,0.36
Promoter,sub_category,결제 편의성,34,29.34,4.84,4.46,-0.38
Promoter,sub_category,이용빈도 높음/익숙함,23,29.08,3.28,4.42,1.15
Promoter,sub_category,속도 빠름,27,27.57,3.85,4.19,0.35
Promoter,sub_category,다양한 메뉴,41,26.93,5.84,4.09,-1.75
Promoter,sub_category,대중성/인지도,22,26.22,3.13,3.99,0.85
Promoter,sub_category,음식 품질,24,22.59,3.42,3.44,0.02
Promoter,sub_category,고객 서비스 응대,21,22.0,2.99,3.35,0.35
Promoter,sub_category,배달현황 편의성,28,21.6,3.99,3.29,-0.7
Promoter,category,멤버십 혜택,19,14.21,2.71,2.16,-0.55
Promoter,category,도착 예정 시간에 배달,17,12.12,2.42,1.84,-0.58
Promoter,sub_category,배달 시간 정확,17,12.12,2.42,1.84,-0.58
Promoter,category,포장/배달 상태,14,11.66,1.99,1.77,-0.22
Promoter,sub_category,고객 서비스 연결,9,11.28,1.28,1.72,0.43
Promoter,sub_category,배달 서비스,14,10.75,1.99,1.63,-0.36
Promoter,sub_category,UI/디자인/화면구성,10,9.97,1.42,1.52,0.09
Promoter,sub_category,인기 맛집 많음,9,9.5,1.28,1.44,0.16
Promoter,sub_category,서비스 품질,10,9.17,1.42,1.39,-0.03
Promoter,sub_category,배달팁 적당,8,8.44,1.14,1.28,0.14
Promoter,category,메뉴 가격,9,8.01,1.28,1.22,-0.06
Promoter,sub_category,저렴한 가격,9,8.01,1.28,1.22,-0.06
Promoter,category,적용 가능한 혜택,10,7.21,1.42,1.1,-0.33
Promoter,sub_category,배달 서비스 특성,8,7.05,1.14,1.07,-0.07
Promoter,sub_category,배달 안정성,8,6.97,1.14,1.06,-0.08
Promoter,sub_category,한집배달 선호,10,6.91,1.42,1.05,-0.37
Promoter,sub_category,메뉴 탐색 편의성,10,6.79,1.42,1.03,-0.39
Promoter,sub_category,다른 앱 보다 선호,7,6.53,1.0,0.99,-0.0
Promoter,sub_category,멤버십 비용,9,6.4,1.28,0.97,-0.31
Promoter,sub_category,신뢰,7,5.76,1.0,0.88,-0.12
Promoter,sub_category,멤버십 할인,5,5.69,0.71,0.87,0.15
Promoter,sub_category,라이더 친절,7,5.58,1.0,0.85,-0.15
Promoter,sub_category,비대면 주문 가능,4,5.46,0.57,0.83,0.26
Promoter,sub_category,가독성 및 편의성,7,4.76,1.0,0.72,-0.27
Promoter,sub_category,업주 친절,3,4.58,0.43,0.7,0.27
Promoter,sub_category,리뷰 많음,5,4.49,0.71,0.68,-0.03
Promoter,sub_category,탐색 편의성,5,4.15,0.71,0.63,-0.08
Promoter,sub_category,쿠폰 사용성,4,3.63,0.57,0.55,-0.02
Promoter,sub_category,배달 사고/누락 없음,4,3.58,0.57,0.54,-0.03
Promoter,sub_category,배달팁 할인,4,3.44,0.57,0.52,-0.05
Promoter,sub_category,포인트 적립,5,3.29,0.71,0.5,-0.21
Promoter,sub_category,카테고리,2,3.0,0.28,0.46,0.17
Promoter,sub_category,기능 만족,5,3.04,0.71,0.46,-0.25
Promoter,sub_category,다양성,4,2.99,0.57,0.46,-0.11
Promoter,sub_category,함께 주문 가능,2,2.92,0.28,0.44,0.16
Promoter,sub_category,요청사항 반영,4,2.91,0.57,0.44,-0.13
Promoter,sub_category,유용성,4,2.71,0.57,0.41,-0.16
Promoter,sub_category,깔끔한 포장,4,2.68,0.57,0.41,-0.16
Promoter,sub_category,제휴 혜택,3,2.6,0.43,0.4,-0.03
Promoter,sub_category,검색 편의성,4,2.65,0.57,0.4,-0.17
Promoter,sub_category,1인분 메뉴,6,2.59,0.85,0.39,-0.46
Promoter,sub_category,기능/서비스 다양성,3,2.54,0.43,0.39,-0.04
Promoter,sub_category,할인 혜택,4,2.31,0.57,0.35,-0.22
Promoter,sub_category,리뷰 확인 편의성,4,2.23,0.57,0.34,-0.23
Promoter,sub_category,가게/메뉴 정보,3,2.18,0.43,0.33,-0.1
Promoter,sub_category,간편결제 가능,2,2.18,0.28,0.33,0.05
Promoter,sub_category,필터,1,2.13,0.14,0.32,0.18
Promoter,sub_category,멤버십 혜택 선호,5,2.11,0.71,0.32,-0.39
Promoter,sub_category,배달 시간 정보,2,2.0,0.28,0.3,0.02
Promoter,sub_category,정확함,2,1.89,0.28,0.29,0.0
Promoter,sub_category,필요성,2,1.82,0.28,0.28,-0.01
Promoter,sub_category,원하는 가게 있음,2,1.59,0.28,0.24,-0.04
Promoter,sub_category,경쟁력 및 시장 비교,2,1.52,0.28,0.23,-0.05
Promoter,sub_category,고객 서비스,2,1.43,0.28,0.22,-0.07
Promoter,sub_category,주문내역 확인 편의성,2,1.43,0.28,0.22,-0.07
Promoter,category,최소주문금액,2,1.33,0.28,0.2,-0.08
Promoter,sub_category,최소주문금액 저렴,2,1.33,0.28,0.2,-0.08
Promoter,category,앱에서만 주문 가능,1,1.23,0.14,0.19,0.04
Promoter,sub_category,배달 운영 시간,1,1.23,0.14,0.19,0.04
Promoter,sub_category,앱 구동/안정성,1,1.23,0.14,0.19,0.04
Promoter,sub_category,다른 앱에 없는 가게,1,1.23,0.14,0.19,0.04
Promoter,sub_category,시인성,1,1.1,0.14,0.17,0.02
Promoter,sub_category,비대면 배달,3,1.12,0.43,0.17,-0.26
Promoter,sub_category,결제수단 다양,2,1.01,0.28,0.15,-0.13
Promoter,sub_category,가격 투명성,1,0.94,0.14,0.14,0.0
Promoter,sub_category,배달 방법 다양,1,0.95,0.14,0.14,0.0
Promoter,sub_category,리뷰 이벤트,1,0.87,0.14,0.13,-0.01
Promoter,sub_category,라이더 전문성,1,0.83,0.14,0.13,-0.02
Promoter,sub_category,배달 지연 쿠폰/포인트,1,0.83,0.14,0.13,-0.02
Promoter,sub_category,원하는 가게 없음,1,0.77,0.14,0.12,-0.03
Promoter,sub_category,조리 속도,2,0.8,0.28,0.12,-0.16
Promoter,sub_category,추천 이벤트,1,0.45,0.14,0.07,-0.07
Promoter,sub_category,경제성,1,0.4,0.14,0.06,-0.08
Promoter,sub_category,재주문 편의성,1,0.43,0.14,0.06,-0.08
Promoter,sub_category,자체배달,1,0.35,0.14,0.05,-0.09
Promoter,sub_category,요청사항 입력 편의성,1,0.35,0.14,0.05,-0.09
Detractor,category,기타,432,472.17,42.19,43.95,1.76
Detractor,sub_category,기타,75,88.53,7.32,8.24,0.92
Detractor,category,없음,132,149.28,12.89,13.89,1.0
Detractor,sub_category,없음,132,149.28,12.89,13.89,1.0
High-Risk,category,기타,117,138.24,50.21,52.64,2.43
High-Risk,sub_category,기타,11,12.14,4.72,4.62,-0.1
High-Risk,category,없음,4,2.95,1.72,1.12,-0.59
High-Risk,sub_category,없음,4,2.95,1.72,1.12,-0.59
Passive,category,기타,229,242.79,33.53,35.86,2.33
Passive,sub_category,기타,16,24.46,2.34,3.61,1.27
Promoter,category,기타,221,221.17,31.48,33.63,2.15
Promoter,sub_category,기타,19,21.94,2.71,3.34,0.63
Promoter,category,없음,22,19.12,3.13,2.91,-0.23
Promoter,sub_category,없음,22,19.12,3.13,2.91,-0.23
